s_no,date_time,state,cured,deaths,confirmed
1,2020-01-30 18:00:00,Kerala,0,0,1
2,2020-01-31 18:00:00,Kerala,0,0,1
3,2020-02-01 18:00:00,Kerala,0,0,2
4,2020-02-02 18:00:00,Kerala,0,0,3
5,2020-02-03 18:00:00,Kerala,0,0,3
6,2020-02-04 18:00:00,Kerala,0,0,3
7,2020-02-05 18:00:00,Kerala,0,0,3
8,2020-02-06 18:00:00,Kerala,0,0,3
9,2020-02-07 18:00:00,Kerala,0,0,3
10,2020-02-08 18:00:00,Kerala,0,0,3
11,2020-02-09 18:00:00,Kerala,0,0,3
12,2020-02-10 18:00:00,Kerala,0,0,3
13,2020-02-11 18:00:00,Kerala,0,0,3
14,2020-02-12 18:00:00,Kerala,0,0,3
15,2020-02-13 18:00:00,Kerala,0,0,3
16,2020-02-14 18:00:00,Kerala,0,0,3
17,2020-02-15 18:00:00,Kerala,0,0,3
18,2020-02-16 18:00:00,Kerala,0,0,3
19,2020-02-17 18:00:00,Kerala,0,0,3
20,2020-02-18 18:00:00,Kerala,0,0,3
21,2020-02-19 18:00:00,Kerala,0,0,3
22,2020-02-20 18:00:00,Kerala,0,0,3
23,2020-02-21 18:00:00,Kerala,0,0,3
24,2020-02-22 18:00:00,Kerala,0,0,3
25,2020-02-23 18:00:00,Kerala,0,0,3
26,2020-02-24 18:00:00,Kerala,0,0,3
27,2020-02-25 18:00:00,Kerala,0,0,3
28,2020-02-26 18:00:00,Kerala,0,0,3
29,2020-02-27 18:00:00,Kerala,0,0,3
30,2020-02-28 18:00:00,Kerala,0,0,3
31,2020-02-29 18:00:00,Kerala,0,0,3
32,2020-03-01 18:00:00,Kerala,0,0,3
33,2020-03-02 18:00:00,Telengana,0,0,1
34,2020-03-02 18:00:00,Kerala,0,0,3
35,2020-03-02 18:00:00,Delhi,0,0,1
36,2020-03-03 18:00:00,Telengana,0,0,1
37,2020-03-03 18:00:00,Rajasthan,0,0,1
38,2020-03-03 18:00:00,Kerala,3,0,3
39,2020-03-03 18:00:00,Delhi,0,0,1
40,2020-03-04 18:00:00,Uttar Pradesh,0,0,6
41,2020-03-04 18:00:00,Kerala,3,0,3
42,2020-03-04 18:00:00,Haryana,0,0,2
43,2020-03-04 18:00:00,Delhi,0,0,1
44,2020-03-04 18:00:00,Telengana,0,0,1
45,2020-03-04 18:00:00,Rajasthan,0,0,15
46,2020-03-05 18:00:00,Delhi,0,0,2
47,2020-03-05 18:00:00,Haryana,0,0,2
48,2020-03-05 18:00:00,Kerala,3,0,3
49,2020-03-05 18:00:00,Rajasthan,0,0,15
50,2020-03-05 18:00:00,Telengana,0,0,1
51,2020-03-05 18:00:00,Uttar Pradesh,0,0,7
52,2020-03-06 18:00:00,Delhi,0,0,3
53,2020-03-06 18:00:00,Haryana,0,0,2
54,2020-03-06 18:00:00,Kerala,3,0,3
55,2020-03-06 18:00:00,Rajasthan,0,0,15
56,2020-03-06 18:00:00,Uttar Pradesh,0,0,7
57,2020-03-06 18:00:00,Telengana,0,0,1
58,2020-03-07 18:00:00,Kerala,3,0,3
59,2020-03-07 18:00:00,Uttar Pradesh,0,0,7
60,2020-03-07 18:00:00,Ladakh,0,0,2
61,2020-03-07 18:00:00,Telengana,0,0,1
62,2020-03-07 18:00:00,Tamil Nadu,0,0,1
63,2020-03-07 18:00:00,Delhi,0,0,3
64,2020-03-07 18:00:00,Haryana,0,0,2
65,2020-03-07 18:00:00,Rajasthan,0,0,15
66,2020-03-08 18:00:00,Ladakh,0,0,2
67,2020-03-08 18:00:00,Telengana,0,0,1
68,2020-03-08 18:00:00,Tamil Nadu,0,0,1
69,2020-03-08 18:00:00,Rajasthan,0,0,15
70,2020-03-08 18:00:00,Kerala,3,0,8
71,2020-03-08 18:00:00,Haryana,0,0,2
72,2020-03-08 18:00:00,Delhi,0,0,3
73,2020-03-08 18:00:00,Uttar Pradesh,0,0,7
74,2020-03-09 18:00:00,Ladakh,0,0,2
75,2020-03-09 18:00:00,Karnataka,0,0,1
76,2020-03-09 18:00:00,Kerala,3,0,9
77,2020-03-09 18:00:00,Maharashtra,0,0,2
78,2020-03-09 18:00:00,Punjab,0,0,1
79,2020-03-09 18:00:00,Rajasthan,0,0,15
80,2020-03-09 18:00:00,Tamil Nadu,0,0,1
81,2020-03-09 18:00:00,Telengana,0,0,1
82,2020-03-09 18:00:00,Jammu and Kashmir,0,0,1
83,2020-03-09 18:00:00,Uttar Pradesh,0,0,7
84,2020-03-09 18:00:00,Haryana,0,0,2
85,2020-03-09 18:00:00,Delhi,0,0,4
86,2020-03-10 18:00:00,Uttar Pradesh,0,0,7
87,2020-03-10 18:00:00,Ladakh,0,0,2
88,2020-03-10 18:00:00,Delhi,0,0,4
89,2020-03-10 18:00:00,Haryana,0,0,2
90,2020-03-10 18:00:00,Karnataka,0,0,4
91,2020-03-10 18:00:00,Kerala,3,0,15
92,2020-03-10 18:00:00,Maharashtra,0,0,5
93,2020-03-10 18:00:00,Punjab,0,0,1
94,2020-03-10 18:00:00,Rajasthan,0,0,15
95,2020-03-10 18:00:00,Tamil Nadu,0,0,1
96,2020-03-10 18:00:00,Telengana,0,0,1
97,2020-03-10 18:00:00,Jammu and Kashmir,0,0,1
98,2020-03-11 18:00:00,Maharashtra,0,0,2
99,2020-03-11 18:00:00,Delhi,0,0,5
100,2020-03-11 18:00:00,Haryana,0,0,14
101,2020-03-11 18:00:00,Kerala,3,0,17
102,2020-03-11 18:00:00,Rajasthan,0,0,3
103,2020-03-11 18:00:00,Telengana,0,0,1
104,2020-03-11 18:00:00,Uttar Pradesh,0,0,9
105,2020-03-11 18:00:00,Ladakh,0,0,2
106,2020-03-11 18:00:00,Tamil Nadu,0,0,1
107,2020-03-11 18:00:00,Jammu and Kashmir,0,0,1
108,2020-03-11 18:00:00,Punjab,0,0,1
109,2020-03-11 18:00:00,Karnataka,0,0,4
110,2020-03-12 18:00:00,Delhi,0,0,6
111,2020-03-12 18:00:00,Haryana,0,0,14
112,2020-03-12 18:00:00,Kerala,3,0,17
113,2020-03-12 18:00:00,Rajasthan,0,0,3
114,2020-03-12 18:00:00,Telengana,0,0,1
115,2020-03-12 18:00:00,Uttar Pradesh,0,0,11
116,2020-03-12 18:00:00,Ladakh,0,0,3
117,2020-03-12 18:00:00,Tamil Nadu,0,0,1
118,2020-03-12 18:00:00,Jammu and Kashmir,0,0,1
119,2020-03-12 18:00:00,Punjab,0,0,1
120,2020-03-12 18:00:00,Karnataka,0,0,4
121,2020-03-12 18:00:00,Maharashtra,0,0,11
122,2020-03-12 18:00:00,Andhra Pradesh,0,0,1
123,2020-03-13 18:00:00,Delhi,0,0,6
124,2020-03-13 18:00:00,Haryana,0,0,14
125,2020-03-13 18:00:00,Kerala,3,0,19
126,2020-03-13 18:00:00,Rajasthan,0,0,3
127,2020-03-13 18:00:00,Telengana,0,0,1
128,2020-03-13 18:00:00,Uttar Pradesh,0,0,11
129,2020-03-13 18:00:00,Ladakh,0,0,3
130,2020-03-13 18:00:00,Tamil Nadu,0,0,1
131,2020-03-13 18:00:00,Jammu and Kashmir,0,0,1
132,2020-03-13 18:00:00,Punjab,0,0,1
133,2020-03-13 18:00:00,Karnataka,0,1,6
134,2020-03-13 18:00:00,Maharashtra,0,0,14
135,2020-03-13 18:00:00,Andhra Pradesh,0,0,1
136,2020-03-14 18:00:00,Delhi,1,1,7
137,2020-03-14 18:00:00,Haryana,0,0,14
138,2020-03-14 18:00:00,Kerala,3,0,19
139,2020-03-14 18:00:00,Rajasthan,1,0,3
140,2020-03-14 18:00:00,Telengana,0,0,1
141,2020-03-14 18:00:00,Uttar Pradesh,5,0,12
142,2020-03-14 18:00:00,Ladakh,0,0,3
143,2020-03-14 18:00:00,Tamil Nadu,0,0,1
144,2020-03-14 18:00:00,Jammu and Kashmir,0,0,2
145,2020-03-14 18:00:00,Punjab,0,0,1
146,2020-03-14 18:00:00,Karnataka,0,1,6
147,2020-03-14 18:00:00,Maharashtra,0,0,14
148,2020-03-14 18:00:00,Andhra Pradesh,0,0,1
149,2020-03-15 18:00:00,Andhra Pradesh,0,0,1
150,2020-03-15 18:00:00,Delhi,2,1,7
151,2020-03-15 18:00:00,Haryana,0,0,14
152,2020-03-15 18:00:00,Karnataka,0,1,6
153,2020-03-15 18:00:00,Kerala,3,0,22
154,2020-03-15 18:00:00,Maharashtra,0,0,32
155,2020-03-15 18:00:00,Punjab,0,0,1
156,2020-03-15 18:00:00,Rajasthan,3,0,4
157,2020-03-15 18:00:00,Tamil Nadu,0,0,1
158,2020-03-15 18:00:00,Telengana,1,0,3
159,2020-03-15 18:00:00,Jammu and Kashmir,0,0,2
160,2020-03-15 18:00:00,Ladakh,0,0,3
161,2020-03-15 18:00:00,Uttar Pradesh,4,0,13
162,2020-03-15 18:00:00,Uttarakhand,0,0,1
163,2020-03-16 18:00:00,Andhra Pradesh,0,0,1
164,2020-03-16 18:00:00,Delhi,2,1,7
165,2020-03-16 18:00:00,Haryana,0,0,14
166,2020-03-16 18:00:00,Karnataka,0,1,6
167,2020-03-16 18:00:00,Kerala,3,0,23
168,2020-03-16 18:00:00,Maharashtra,0,0,32
169,2020-03-16 18:00:00,Odisha,0,0,1
170,2020-03-16 18:00:00,Punjab,0,0,1
171,2020-03-16 18:00:00,Rajasthan,3,0,4
172,2020-03-16 18:00:00,Tamil Nadu,0,0,1
173,2020-03-16 18:00:00,Telengana,1,0,3
174,2020-03-16 18:00:00,Jammu and Kashmir,0,0,3
175,2020-03-16 18:00:00,Ladakh,0,0,4
176,2020-03-16 18:00:00,Uttar Pradesh,4,0,13
177,2020-03-16 18:00:00,Uttarakhand,0,0,1
178,2020-03-17 18:00:00,Andhra Pradesh,0,0,1
179,2020-03-17 18:00:00,Delhi,2,1,8
180,2020-03-17 18:00:00,Haryana,0,0,15
181,2020-03-17 18:00:00,Karnataka,0,1,11
182,2020-03-17 18:00:00,Kerala,3,0,26
183,2020-03-17 18:00:00,Maharashtra,0,1,39
184,2020-03-17 18:00:00,Odisha,0,0,1
185,2020-03-17 18:00:00,Punjab,0,0,1
186,2020-03-17 18:00:00,Rajasthan,3,0,4
187,2020-03-17 18:00:00,Tamil Nadu,0,0,1
188,2020-03-17 18:00:00,Telengana,1,0,5
189,2020-03-17 18:00:00,Jammu and Kashmir,0,0,3
190,2020-03-17 18:00:00,Ladakh,0,0,6
191,2020-03-17 18:00:00,Uttar Pradesh,5,0,15
192,2020-03-17 18:00:00,Uttarakhand,0,0,1
193,2020-03-18 18:00:00,Andhra Pradesh,0,0,1
194,2020-03-18 18:00:00,Delhi,2,1,10
195,2020-03-18 18:00:00,Haryana,0,0,17
196,2020-03-18 18:00:00,Karnataka,0,1,11
197,2020-03-18 18:00:00,Kerala,3,0,27
198,2020-03-18 18:00:00,Maharashtra,0,1,42
199,2020-03-18 18:00:00,Odisha,0,0,1
200,2020-03-18 18:00:00,Puducherry,0,0,1
201,2020-03-18 18:00:00,Punjab,0,0,1
202,2020-03-18 18:00:00,Rajasthan,3,0,4
203,2020-03-18 18:00:00,Tamil Nadu,0,0,1
204,2020-03-18 18:00:00,Telengana,1,0,6
205,2020-03-18 18:00:00,Jammu and Kashmir,0,0,3
206,2020-03-18 18:00:00,Ladakh,0,0,8
207,2020-03-18 18:00:00,Uttar Pradesh,5,0,16
208,2020-03-18 18:00:00,Uttarakhand,0,0,1
209,2020-03-18 18:00:00,West Bengal,0,0,1
210,2020-03-19 18:00:00,Andhra Pradesh,0,0,2
211,2020-03-19 18:00:00,Chhattisgarh,0,0,1
212,2020-03-19 18:00:00,Delhi,3,1,12
213,2020-03-19 18:00:00,Haryana,0,0,17
214,2020-03-19 18:00:00,Karnataka,0,1,14
215,2020-03-19 18:00:00,Kerala,3,0,27
216,2020-03-19 18:00:00,Maharashtra,0,1,47
217,2020-03-19 18:00:00,Odisha,0,0,1
218,2020-03-19 18:00:00,Puducherry,0,0,1
219,2020-03-19 18:00:00,Punjab,0,1,2
220,2020-03-19 18:00:00,Rajasthan,3,0,7
221,2020-03-19 18:00:00,Tamil Nadu,1,0,2
222,2020-03-19 18:00:00,Telengana,1,0,6
223,2020-03-19 18:00:00,Chandigarh,0,0,1
224,2020-03-19 18:00:00,Jammu and Kashmir,0,0,4
225,2020-03-19 18:00:00,Ladakh,0,0,8
226,2020-03-19 18:00:00,Uttar Pradesh,9,0,19
227,2020-03-19 18:00:00,Uttarakhand,0,0,1
228,2020-03-19 18:00:00,West Bengal,0,0,1
229,2020-03-20 18:00:00,Andhra Pradesh,0,0,3
230,2020-03-20 18:00:00,Chhattisgarh,0,0,1
231,2020-03-20 18:00:00,Delhi,5,1,17
232,2020-03-20 18:00:00,Gujarat,0,0,5
233,2020-03-20 18:00:00,Haryana,0,0,17
234,2020-03-20 18:00:00,Karnataka,1,1,15
235,2020-03-20 18:00:00,Kerala,3,0,28
236,2020-03-20 18:00:00,Maharashtra,0,1,52
237,2020-03-20 18:00:00,Odisha,0,0,2
238,2020-03-20 18:00:00,Puducherry,0,0,1
239,2020-03-20 18:00:00,Punjab,0,1,2
240,2020-03-20 18:00:00,Rajasthan,3,0,17
241,2020-03-20 18:00:00,Tamil Nadu,1,0,3
242,2020-03-20 18:00:00,Telengana,1,0,17
243,2020-03-20 18:00:00,Chandigarh,0,0,1
244,2020-03-20 18:00:00,Jammu and Kashmir,0,0,4
245,2020-03-20 18:00:00,Ladakh,0,0,10
246,2020-03-20 18:00:00,Uttar Pradesh,9,0,23
247,2020-03-20 18:00:00,Uttarakhand,0,0,3
248,2020-03-20 18:00:00,West Bengal,0,0,2
249,2020-03-21 18:00:00,Andhra Pradesh,0,0,3
250,2020-03-21 18:00:00,Chhattisgarh,0,0,1
251,2020-03-21 18:00:00,Delhi,5,1,26
252,2020-03-21 18:00:00,Gujarat,0,0,7
253,2020-03-21 18:00:00,Haryana,0,0,17
254,2020-03-21 18:00:00,Himachal Pradesh,0,0,2
255,2020-03-21 18:00:00,Karnataka,1,1,15
256,2020-03-21 18:00:00,Kerala,3,0,40
257,2020-03-21 18:00:00,Madhya Pradesh,0,0,4
258,2020-03-21 18:00:00,Maharashtra,0,1,63
259,2020-03-21 18:00:00,Odisha,0,0,2
260,2020-03-21 18:00:00,Puducherry,0,0,1
261,2020-03-21 18:00:00,Punjab,0,1,13
262,2020-03-21 18:00:00,Rajasthan,3,0,17
263,2020-03-21 18:00:00,Tamil Nadu,1,0,3
264,2020-03-21 18:00:00,Telengana,1,0,21
265,2020-03-21 18:00:00,Chandigarh,0,0,1
266,2020-03-21 18:00:00,Jammu and Kashmir,0,0,4
267,2020-03-21 18:00:00,Ladakh,0,0,13
268,2020-03-21 18:00:00,Uttar Pradesh,9,0,24
269,2020-03-21 18:00:00,Uttarakhand,0,0,3
270,2020-03-21 18:00:00,West Bengal,0,0,3
271,2020-03-22 18:00:00,Andhra Pradesh,0,0,5
272,2020-03-22 18:00:00,Bihar,0,1,2
273,2020-03-22 18:00:00,Chhattisgarh,0,0,1
274,2020-03-22 18:00:00,Delhi,5,1,29
275,2020-03-22 18:00:00,Gujarat,0,1,18
276,2020-03-22 18:00:00,Haryana,0,0,21
277,2020-03-22 18:00:00,Himachal Pradesh,0,0,2
278,2020-03-22 18:00:00,Karnataka,2,1,26
279,2020-03-22 18:00:00,Kerala,3,0,52
280,2020-03-22 18:00:00,Madhya Pradesh,0,0,4
281,2020-03-22 18:00:00,Maharashtra,0,2,67
282,2020-03-22 18:00:00,Odisha,0,0,2
283,2020-03-22 18:00:00,Puducherry,0,0,1
284,2020-03-22 18:00:00,Punjab,0,1,21
285,2020-03-22 18:00:00,Rajasthan,3,0,24
286,2020-03-22 18:00:00,Tamil Nadu,1,0,7
287,2020-03-22 18:00:00,Telengana,1,0,22
288,2020-03-22 18:00:00,Chandigarh,0,0,5
289,2020-03-22 18:00:00,Jammu and Kashmir,0,0,4
290,2020-03-22 18:00:00,Ladakh,0,0,13
291,2020-03-22 18:00:00,Uttar Pradesh,9,0,27
292,2020-03-22 18:00:00,Uttarakhand,0,0,3
293,2020-03-22 18:00:00,West Bengal,0,0,4
294,2020-03-23 18:00:00,Andhra Pradesh,0,0,7
295,2020-03-23 18:00:00,Bihar,0,1,2
296,2020-03-23 18:00:00,Chhattisgarh,0,0,1
297,2020-03-23 18:00:00,Delhi,5,1,29
298,2020-03-23 18:00:00,Gujarat,0,1,29
299,2020-03-23 18:00:00,Haryana,0,0,26
300,2020-03-23 18:00:00,Himachal Pradesh,0,0,2
301,2020-03-23 18:00:00,Karnataka,2,1,33
302,2020-03-23 18:00:00,Kerala,3,0,67
303,2020-03-23 18:00:00,Madhya Pradesh,0,0,6
304,2020-03-23 18:00:00,Maharashtra,0,2,74
305,2020-03-23 18:00:00,Odisha,0,0,2
306,2020-03-23 18:00:00,Puducherry,0,0,1
307,2020-03-23 18:00:00,Punjab,0,1,21
308,2020-03-23 18:00:00,Rajasthan,3,0,28
309,2020-03-23 18:00:00,Tamil Nadu,1,0,9
310,2020-03-23 18:00:00,Telengana,1,0,32
311,2020-03-23 18:00:00,Chandigarh,0,0,6
312,2020-03-23 18:00:00,Jammu and Kashmir,0,0,4
313,2020-03-23 18:00:00,Ladakh,0,0,13
314,2020-03-23 18:00:00,Uttar Pradesh,9,0,31
315,2020-03-23 18:00:00,Uttarakhand,0,0,3
316,2020-03-23 18:00:00,West Bengal,0,0,7
317,2020-03-24 18:00:00,Andhra Pradesh,0,0,8
318,2020-03-24 18:00:00,Bihar,0,1,3
319,2020-03-24 18:00:00,Chhattisgarh,0,0,1
320,2020-03-24 18:00:00,Delhi,6,1,30
321,2020-03-24 18:00:00,Gujarat,0,1,33
322,2020-03-24 18:00:00,Haryana,11,0,28
323,2020-03-24 18:00:00,Himachal Pradesh,0,1,3
324,2020-03-24 18:00:00,Karnataka,3,1,37
325,2020-03-24 18:00:00,Kerala,4,0,95
326,2020-03-24 18:00:00,Madhya Pradesh,0,0,7
327,2020-03-24 18:00:00,Maharashtra,0,2,89
328,2020-03-24 18:00:00,Manipur,0,0,1
329,2020-03-24 18:00:00,Odisha,0,0,2
330,2020-03-24 18:00:00,Puducherry,0,0,1
331,2020-03-24 18:00:00,Punjab,0,1,29
332,2020-03-24 18:00:00,Rajasthan,3,0,32
333,2020-03-24 18:00:00,Tamil Nadu,1,0,15
334,2020-03-24 18:00:00,Telengana,1,0,35
335,2020-03-24 18:00:00,Chandigarh,0,0,7
336,2020-03-24 18:00:00,Jammu and Kashmir,0,0,4
337,2020-03-24 18:00:00,Ladakh,0,0,13
338,2020-03-24 18:00:00,Uttar Pradesh,11,0,33
339,2020-03-24 18:00:00,Uttarakhand,0,0,4
340,2020-03-24 18:00:00,West Bengal,0,1,9
341,2020-03-25 18:00:00,Andhra Pradesh,1,0,9
342,2020-03-25 18:00:00,Bihar,0,1,4
343,2020-03-25 18:00:00,Chhattisgarh,0,0,1
344,2020-03-25 18:00:00,Delhi,6,1,31
345,2020-03-25 18:00:00,Gujarat,0,1,38
346,2020-03-25 18:00:00,Haryana,11,0,28
347,2020-03-25 18:00:00,Himachal Pradesh,0,1,3
348,2020-03-25 18:00:00,Karnataka,3,1,41
349,2020-03-25 18:00:00,Kerala,4,0,109
350,2020-03-25 18:00:00,Madhya Pradesh,0,0,14
351,2020-03-25 18:00:00,Maharashtra,1,3,128
352,2020-03-25 18:00:00,Manipur,0,0,1
353,2020-03-25 18:00:00,Mizoram,0,0,1
354,2020-03-25 18:00:00,Odisha,0,0,2
355,2020-03-25 18:00:00,Puducherry,0,0,1
356,2020-03-25 18:00:00,Punjab,0,1,29
357,2020-03-25 18:00:00,Rajasthan,3,0,36
358,2020-03-25 18:00:00,Tamil Nadu,1,0,18
359,2020-03-25 18:00:00,Telengana,1,0,35
360,2020-03-25 18:00:00,Chandigarh,0,0,7
361,2020-03-25 18:00:00,Jammu and Kashmir,1,0,7
362,2020-03-25 18:00:00,Ladakh,0,0,13
363,2020-03-25 18:00:00,Uttar Pradesh,11,0,37
364,2020-03-25 18:00:00,Uttarakhand,0,0,4
365,2020-03-25 18:00:00,West Bengal,0,1,9
366,2020-03-26 18:00:00,Andaman and Nicobar Islands,0,0,1
367,2020-03-26 18:00:00,Andhra Pradesh,1,0,11
368,2020-03-26 18:00:00,Bihar,0,1,6
369,2020-03-26 18:00:00,Chandigarh,0,0,7
370,2020-03-26 18:00:00,Chhattisgarh,0,0,6
371,2020-03-26 18:00:00,Delhi,6,1,36
372,2020-03-26 18:00:00,Goa,0,0,3
373,2020-03-26 18:00:00,Gujarat,0,3,43
374,2020-03-26 18:00:00,Haryana,11,0,30
375,2020-03-26 18:00:00,Himachal Pradesh,0,1,3
376,2020-03-26 18:00:00,Jammu and Kashmir,1,0,13
377,2020-03-26 18:00:00,Karnataka,3,2,55
378,2020-03-26 18:00:00,Kerala,6,0,118
379,2020-03-26 18:00:00,Ladakh,0,0,13
380,2020-03-26 18:00:00,Madhya Pradesh,0,1,20
381,2020-03-26 18:00:00,Maharashtra,1,3,124
382,2020-03-26 18:00:00,Manipur,0,0,1
383,2020-03-26 18:00:00,Mizoram,0,0,1
384,2020-03-26 18:00:00,Odisha,0,0,2
385,2020-03-26 18:00:00,Puducherry,0,0,1
386,2020-03-26 18:00:00,Punjab,0,1,33
387,2020-03-26 18:00:00,Rajasthan,3,0,41
388,2020-03-26 18:00:00,Tamil Nadu,1,1,26
389,2020-03-26 18:00:00,Telengana,1,0,44
390,2020-03-26 18:00:00,Uttarakhand,0,0,5
391,2020-03-26 18:00:00,Uttar Pradesh,11,0,41
392,2020-03-26 18:00:00,West Bengal,0,1,10
393,2020-03-27 10:00:00,Andaman and Nicobar Islands,0,0,1
394,2020-03-27 10:00:00,Andhra Pradesh,1,0,12
395,2020-03-27 10:00:00,Bihar,0,1,6
396,2020-03-27 10:00:00,Chandigarh,0,0,7
397,2020-03-27 10:00:00,Chhattisgarh,0,0,6
398,2020-03-27 10:00:00,Delhi,6,1,36
399,2020-03-27 10:00:00,Goa,0,0,3
400,2020-03-27 10:00:00,Gujarat,0,3,43
401,2020-03-27 10:00:00,Haryana,11,0,30
402,2020-03-27 10:00:00,Himachal Pradesh,0,1,3
403,2020-03-27 10:00:00,Jammu and Kashmir,1,1,13
404,2020-03-27 10:00:00,Karnataka,3,2,55
405,2020-03-27 10:00:00,Kerala,11,0,137
406,2020-03-27 10:00:00,Ladakh,3,0,13
407,2020-03-27 10:00:00,Madhya Pradesh,0,1,20
408,2020-03-27 10:00:00,Maharashtra,15,4,130
409,2020-03-27 10:00:00,Manipur,0,0,1
410,2020-03-27 10:00:00,Mizoram,0,0,1
411,2020-03-27 10:00:00,Odisha,0,0,2
412,2020-03-27 10:00:00,Puducherry,0,0,1
413,2020-03-27 10:00:00,Punjab,0,1,33
414,2020-03-27 10:00:00,Rajasthan,3,0,41
415,2020-03-27 10:00:00,Tamil Nadu,1,1,29
416,2020-03-27 10:00:00,Telengana,1,0,45
417,2020-03-27 10:00:00,Uttarakhand,0,0,5
418,2020-03-27 10:00:00,Uttar Pradesh,11,0,41
419,2020-03-27 10:00:00,West Bengal,0,1,10
420,2020-03-28 18:00:00,Andhra Pradesh,1,0,14
421,2020-03-28 18:00:00,Andaman and Nicobar Islands,0,0,6
422,2020-03-28 18:00:00,Bihar,0,1,9
423,2020-03-28 18:00:00,Chandigarh,0,0,8
424,2020-03-28 18:00:00,Chhattisgarh,0,0,6
425,2020-03-28 18:00:00,Delhi,6,1,39
426,2020-03-28 18:00:00,Goa,0,0,3
427,2020-03-28 18:00:00,Gujarat,0,3,45
428,2020-03-28 18:00:00,Haryana,12,0,33
429,2020-03-28 18:00:00,Himachal Pradesh,0,1,3
430,2020-03-28 18:00:00,Jammu and Kashmir,1,1,20
431,2020-03-28 18:00:00,Karnataka,3,2,55
432,2020-03-28 18:00:00,Kerala,11,0,176
433,2020-03-28 18:00:00,Ladakh,3,0,13
434,2020-03-28 18:00:00,Madhya Pradesh,0,2,30
435,2020-03-28 18:00:00,Maharashtra,25,5,180
436,2020-03-28 18:00:00,Manipur,0,0,1
437,2020-03-28 18:00:00,Mizoram,0,0,1
438,2020-03-28 18:00:00,Odisha,0,0,3
439,2020-03-28 18:00:00,Puducherry,0,0,1
440,2020-03-28 18:00:00,Punjab,1,1,38
441,2020-03-28 18:00:00,Rajasthan,3,0,54
442,2020-03-28 18:00:00,Tamil Nadu,2,1,40
443,2020-03-28 18:00:00,Telengana,1,0,56
444,2020-03-28 18:00:00,Uttarakhand,0,0,5
445,2020-03-28 18:00:00,Uttar Pradesh,11,0,55
446,2020-03-28 18:00:00,West Bengal,0,1,15
447,2020-03-29 19:30:00,Andhra Pradesh,1,0,19
448,2020-03-29 19:30:00,Andaman and Nicobar Islands,0,0,9
449,2020-03-29 19:30:00,Bihar,0,1,11
450,2020-03-29 19:30:00,Chandigarh,0,0,8
451,2020-03-29 19:30:00,Chhattisgarh,0,0,7
452,2020-03-29 19:30:00,Delhi,6,2,49
453,2020-03-29 19:30:00,Goa,0,0,5
454,2020-03-29 19:30:00,Gujarat,1,5,58
455,2020-03-29 19:30:00,Haryana,17,0,33
456,2020-03-29 19:30:00,Himachal Pradesh,0,1,3
457,2020-03-29 19:30:00,Jammu and Kashmir,1,2,31
458,2020-03-29 19:30:00,Karnataka,5,3,76
459,2020-03-29 19:30:00,Kerala,15,1,182
460,2020-03-29 19:30:00,Ladakh,3,0,13
461,2020-03-29 19:30:00,Madhya Pradesh,0,2,30
462,2020-03-29 19:30:00,Maharashtra,25,6,186
463,2020-03-29 19:30:00,Manipur,0,0,1
464,2020-03-29 19:30:00,Mizoram,0,0,1
465,2020-03-29 19:30:00,Odisha,0,0,3
466,2020-03-29 19:30:00,Puducherry,0,0,1
467,2020-03-29 19:30:00,Punjab,1,1,38
468,2020-03-29 19:30:00,Rajasthan,3,0,55
469,2020-03-29 19:30:00,Tamil Nadu,4,1,49
470,2020-03-29 19:30:00,Telengana,1,1,66
471,2020-03-29 19:30:00,Uttarakhand,2,0,7
472,2020-03-29 19:30:00,Uttar Pradesh,11,0,65
473,2020-03-29 19:30:00,West Bengal,0,1,18
474,2020-03-30 21:30:00,Andhra Pradesh,1,0,23
475,2020-03-30 21:30:00,Andaman and Nicobar Islands,0,0,9
476,2020-03-30 21:30:00,Bihar,0,1,15
477,2020-03-30 21:30:00,Chandigarh,0,0,8
478,2020-03-30 21:30:00,Chhattisgarh,0,0,7
479,2020-03-30 21:30:00,Delhi,6,2,87
480,2020-03-30 21:30:00,Goa,0,0,5
481,2020-03-30 21:30:00,Gujarat,1,6,69
482,2020-03-30 21:30:00,Haryana,18,0,36
483,2020-03-30 21:30:00,Himachal Pradesh,0,1,3
484,2020-03-30 21:30:00,Jammu and Kashmir,2,2,48
485,2020-03-30 21:30:00,Karnataka,5,3,83
486,2020-03-30 21:30:00,Kerala,19,1,202
487,2020-03-30 21:30:00,Ladakh,3,0,13
488,2020-03-30 21:30:00,Madhya Pradesh,0,3,47
489,2020-03-30 21:30:00,Maharashtra,25,8,198
490,2020-03-30 21:30:00,Manipur,0,0,1
491,2020-03-30 21:30:00,Mizoram,0,0,1
492,2020-03-30 21:30:00,Odisha,0,0,3
493,2020-03-30 21:30:00,Puducherry,0,0,1
494,2020-03-30 21:30:00,Punjab,1,1,38
495,2020-03-30 21:30:00,Rajasthan,3,0,59
496,2020-03-30 21:30:00,Tamil Nadu,4,1,67
497,2020-03-30 21:30:00,Telengana,1,1,71
498,2020-03-30 21:30:00,Uttarakhand,2,0,7
499,2020-03-30 21:30:00,Uttar Pradesh,11,0,82
500,2020-03-30 21:30:00,West Bengal,0,1,22
501,2020-03-30 21:30:00,Unassigned,0,0,46
502,2020-03-31 20:30:00,Andhra Pradesh,1,0,40
503,2020-03-31 20:30:00,Andaman and Nicobar Islands,0,0,10
504,2020-03-31 20:30:00,Bihar,0,1,15
505,2020-03-31 20:30:00,Chandigarh,0,0,13
506,2020-03-31 20:30:00,Chhattisgarh,0,0,8
507,2020-03-31 20:30:00,Delhi,6,2,97
508,2020-03-31 20:30:00,Goa,0,0,5
509,2020-03-31 20:30:00,Gujarat,3,6,73
510,2020-03-31 20:30:00,Haryana,21,0,40
511,2020-03-31 20:30:00,Himachal Pradesh,0,1,3
512,2020-03-31 20:30:00,Jammu and Kashmir,2,2,54
513,2020-03-31 20:30:00,Karnataka,5,3,83
514,2020-03-31 20:30:00,Kerala,19,1,234
515,2020-03-31 20:30:00,Ladakh,3,0,13
516,2020-03-31 20:30:00,Madhya Pradesh,0,3,47
517,2020-03-31 20:30:00,Maharashtra,39,9,216
518,2020-03-31 20:30:00,Manipur,0,0,1
519,2020-03-31 20:30:00,Mizoram,0,0,1
520,2020-03-31 20:30:00,Odisha,0,0,3
521,2020-03-31 20:30:00,Puducherry,0,0,1
522,2020-03-31 20:30:00,Punjab,1,3,41
523,2020-03-31 20:30:00,Rajasthan,3,0,74
524,2020-03-31 20:30:00,Tamil Nadu,4,1,74
525,2020-03-31 20:30:00,Telengana,1,1,79
526,2020-03-31 20:30:00,Uttarakhand,2,0,7
527,2020-03-31 20:30:00,Uttar Pradesh,14,0,101
528,2020-03-31 20:30:00,West Bengal,0,2,26
529,2020-03-31 20:30:00,Unassigned,0,0,38
530,2020-04-01 19:30:00,Andhra Pradesh,1,0,83
531,2020-04-01 19:30:00,Andaman and Nicobar Islands,0,0,10
532,2020-04-01 19:30:00,Assam,0,0,1
533,2020-04-01 19:30:00,Bihar,0,1,23
534,2020-04-01 19:30:00,Chandigarh,0,0,16
535,2020-04-01 19:30:00,Chhattisgarh,2,0,9
536,2020-04-01 19:30:00,Delhi,6,2,152
537,2020-04-01 19:30:00,Goa,0,0,5
538,2020-04-01 19:30:00,Gujarat,5,6,82
539,2020-04-01 19:30:00,Haryana,21,0,43
540,2020-04-01 19:30:00,Himachal Pradesh,0,1,3
541,2020-04-01 19:30:00,Jammu and Kashmir,2,2,62
542,2020-04-01 19:30:00,Jharkhand,0,0,1
543,2020-04-01 19:30:00,Karnataka,8,3,101
544,2020-04-01 19:30:00,Kerala,23,2,241
545,2020-04-01 19:30:00,Ladakh,3,0,13
546,2020-04-01 19:30:00,Madhya Pradesh,0,3,66
547,2020-04-01 19:30:00,Maharashtra,39,9,302
548,2020-04-01 19:30:00,Manipur,0,0,1
549,2020-04-01 19:30:00,Mizoram,0,0,1
550,2020-04-01 19:30:00,Odisha,0,0,4
551,2020-04-01 19:30:00,Puducherry,1,0,3
552,2020-04-01 19:30:00,Punjab,1,3,42
553,2020-04-01 19:30:00,Rajasthan,3,0,93
554,2020-04-01 19:30:00,Tamil Nadu,6,1,234
555,2020-04-01 19:30:00,Telengana,1,3,96
556,2020-04-01 19:30:00,Uttarakhand,2,0,7
557,2020-04-01 19:30:00,Uttar Pradesh,14,2,103
558,2020-04-01 19:30:00,West Bengal,6,3,37
559,2020-04-02 18:00:00,Andhra Pradesh,1,1,86
560,2020-04-02 18:00:00,Andaman and Nicobar Islands,0,0,10
561,2020-04-02 18:00:00,Assam,0,0,5
562,2020-04-02 18:00:00,Bihar,0,1,24
563,2020-04-02 18:00:00,Chandigarh,0,0,16
564,2020-04-02 18:00:00,Chhattisgarh,2,0,9
565,2020-04-02 18:00:00,Delhi,8,4,219
566,2020-04-02 18:00:00,Goa,0,0,5
567,2020-04-02 18:00:00,Gujarat,8,7,87
568,2020-04-02 18:00:00,Haryana,21,0,43
569,2020-04-02 18:00:00,Himachal Pradesh,1,1,3
570,2020-04-02 18:00:00,Jammu and Kashmir,2,2,62
571,2020-04-02 18:00:00,Jharkhand,0,0,1
572,2020-04-02 18:00:00,Karnataka,9,3,110
573,2020-04-02 18:00:00,Kerala,25,2,265
574,2020-04-02 18:00:00,Ladakh,3,0,13
575,2020-04-02 18:00:00,Madhya Pradesh,0,6,99
576,2020-04-02 18:00:00,Maharashtra,42,13,335
577,2020-04-02 18:00:00,Manipur,0,0,1
578,2020-04-02 18:00:00,Mizoram,0,0,1
579,2020-04-02 18:00:00,Odisha,0,0,4
580,2020-04-02 18:00:00,Puducherry,1,0,3
581,2020-04-02 18:00:00,Punjab,1,4,46
582,2020-04-02 18:00:00,Rajasthan,3,0,108
583,2020-04-02 18:00:00,Tamil Nadu,6,1,234
584,2020-04-02 18:00:00,Telengana,1,3,107
585,2020-04-02 18:00:00,Uttarakhand,2,0,7
586,2020-04-02 18:00:00,Uttar Pradesh,14,2,113
587,2020-04-02 18:00:00,West Bengal,6,3,53
588,2020-04-03 18:00:00,Andhra Pradesh,1,1,132
589,2020-04-03 18:00:00,Andaman and Nicobar Islands,0,0,10
590,2020-04-03 18:00:00,Arunachal Pradesh,0,0,1
591,2020-04-03 18:00:00,Assam,0,0,16
592,2020-04-03 18:00:00,Bihar,0,1,29
593,2020-04-03 18:00:00,Chandigarh,0,0,18
594,2020-04-03 18:00:00,Chhattisgarh,3,0,9
595,2020-04-03 18:00:00,Delhi,8,4,219
596,2020-04-03 18:00:00,Goa,0,0,6
597,2020-04-03 18:00:00,Gujarat,10,8,95
598,2020-04-03 18:00:00,Haryana,24,0,49
599,2020-04-03 18:00:00,Himachal Pradesh,1,1,6
600,2020-04-03 18:00:00,Jammu and Kashmir,3,2,75
601,2020-04-03 18:00:00,Jharkhand,0,0,2
602,2020-04-03 18:00:00,Karnataka,10,3,124
603,2020-04-03 18:00:00,Kerala,27,2,286
604,2020-04-03 18:00:00,Ladakh,3,0,14
605,2020-04-03 18:00:00,Madhya Pradesh,0,6,104
606,2020-04-03 18:00:00,Maharashtra,42,16,335
607,2020-04-03 18:00:00,Manipur,0,0,2
608,2020-04-03 18:00:00,Mizoram,0,0,1
609,2020-04-03 18:00:00,Odisha,0,0,5
610,2020-04-03 18:00:00,Puducherry,1,0,5
611,2020-04-03 18:00:00,Punjab,1,5,48
612,2020-04-03 18:00:00,Rajasthan,3,0,167
613,2020-04-03 18:00:00,Tamil Nadu,6,1,309
614,2020-04-03 18:00:00,Telengana,1,7,158
615,2020-04-03 18:00:00,Uttarakhand,2,0,10
616,2020-04-03 18:00:00,Uttar Pradesh,14,2,172
617,2020-04-03 18:00:00,West Bengal,3,3,63
618,2020-04-03 18:00:00,Unassigned,0,0,77
619,2020-04-04 18:00:00,Andhra Pradesh,1,1,161
620,2020-04-04 18:00:00,Andaman and Nicobar Islands,0,0,10
621,2020-04-04 18:00:00,Arunachal Pradesh,0,0,1
622,2020-04-04 18:00:00,Assam,0,0,24
623,2020-04-04 18:00:00,Bihar,0,1,30
624,2020-04-04 18:00:00,Chandigarh,0,0,18
625,2020-04-04 18:00:00,Chhattisgarh,3,0,9
626,2020-04-04 18:00:00,Delhi,15,6,445
627,2020-04-04 18:00:00,Goa,0,0,7
628,2020-04-04 18:00:00,Gujarat,14,10,105
629,2020-04-04 18:00:00,Haryana,24,0,49
630,2020-04-04 18:00:00,Himachal Pradesh,1,1,6
631,2020-04-04 18:00:00,Jammu and Kashmir,3,2,75
632,2020-04-04 18:00:00,Jharkhand,0,0,2
633,2020-04-04 18:00:00,Karnataka,12,3,128
634,2020-04-04 18:00:00,Kerala,41,2,295
635,2020-04-04 18:00:00,Ladakh,3,0,14
636,2020-04-04 18:00:00,Madhya Pradesh,0,6,104
637,2020-04-04 18:00:00,Maharashtra,42,24,490
638,2020-04-04 18:00:00,Manipur,0,0,2
639,2020-04-04 18:00:00,Mizoram,0,0,1
640,2020-04-04 18:00:00,Odisha,0,0,5
641,2020-04-04 18:00:00,Puducherry,1,0,5
642,2020-04-04 18:00:00,Punjab,1,5,57
643,2020-04-04 18:00:00,Rajasthan,21,0,200
644,2020-04-04 18:00:00,Tamil Nadu,6,2,411
645,2020-04-04 18:00:00,Telengana,1,7,159
646,2020-04-04 18:00:00,Uttarakhand,2,0,16
647,2020-04-04 18:00:00,Uttar Pradesh,19,2,174
648,2020-04-04 18:00:00,West Bengal,3,3,69
649,2020-04-05 18:00:00,Andhra Pradesh,1,1,190
650,2020-04-05 18:00:00,Andaman and Nicobar Islands,0,0,10
651,2020-04-05 18:00:00,Arunachal Pradesh,0,0,1
652,2020-04-05 18:00:00,Assam,0,0,26
653,2020-04-05 18:00:00,Bihar,0,1,30
654,2020-04-05 18:00:00,Chandigarh,0,0,18
655,2020-04-05 18:00:00,Chhattisgarh,3,0,9
656,2020-04-05 18:00:00,Delhi,18,7,503
657,2020-04-05 18:00:00,Goa,0,0,7
658,2020-04-05 18:00:00,Gujarat,18,11,122
659,2020-04-05 18:00:00,Haryana,25,1,59
660,2020-04-05 18:00:00,Himachal Pradesh,1,1,6
661,2020-04-05 18:00:00,Jammu and Kashmir,4,2,106
662,2020-04-05 18:00:00,Jharkhand,0,0,3
663,2020-04-05 18:00:00,Karnataka,12,4,144
664,2020-04-05 18:00:00,Kerala,49,2,306
665,2020-04-05 18:00:00,Ladakh,10,0,14
666,2020-04-05 18:00:00,Madhya Pradesh,0,9,165
667,2020-04-05 18:00:00,Maharashtra,42,24,490
668,2020-04-05 18:00:00,Manipur,0,0,2
669,2020-04-05 18:00:00,Mizoram,0,0,1
670,2020-04-05 18:00:00,Odisha,0,0,20
671,2020-04-05 18:00:00,Puducherry,1,0,5
672,2020-04-05 18:00:00,Punjab,1,5,57
673,2020-04-05 18:00:00,Rajasthan,21,0,200
674,2020-04-05 18:00:00,Tamil Nadu,6,3,485
675,2020-04-05 18:00:00,Telengana,32,7,269
676,2020-04-05 18:00:00,Uttarakhand,2,0,22
677,2020-04-05 18:00:00,Uttar Pradesh,19,2,227
678,2020-04-05 18:00:00,West Bengal,10,3,80
679,2020-04-06 18:00:00,Andhra Pradesh,1,3,226
680,2020-04-06 18:00:00,Andaman and Nicobar Islands,0,0,10
681,2020-04-06 18:00:00,Arunachal Pradesh,0,0,1
682,2020-04-06 18:00:00,Assam,0,0,26
683,2020-04-06 18:00:00,Bihar,0,1,32
684,2020-04-06 18:00:00,Chandigarh,0,0,18
685,2020-04-06 18:00:00,Chhattisgarh,8,0,10
686,2020-04-06 18:00:00,Delhi,19,7,523
687,2020-04-06 18:00:00,Goa,0,0,7
688,2020-04-06 18:00:00,Gujarat,22,12,144
689,2020-04-06 18:00:00,Haryana,25,1,84
690,2020-04-06 18:00:00,Himachal Pradesh,2,1,13
691,2020-04-06 18:00:00,Jammu and Kashmir,4,2,109
692,2020-04-06 18:00:00,Jharkhand,0,0,4
693,2020-04-06 18:00:00,Karnataka,12,4,151
694,2020-04-06 18:00:00,Kerala,55,2,314
695,2020-04-06 18:00:00,Ladakh,10,0,14
696,2020-04-06 18:00:00,Madhya Pradesh,0,9,165
697,2020-04-06 18:00:00,Maharashtra,56,45,748
698,2020-04-06 18:00:00,Manipur,0,0,2
699,2020-04-06 18:00:00,Mizoram,0,0,1
700,2020-04-06 18:00:00,Odisha,2,0,21
701,2020-04-06 18:00:00,Puducherry,1,0,5
702,2020-04-06 18:00:00,Punjab,4,6,76
703,2020-04-06 18:00:00,Rajasthan,21,0,274
704,2020-04-06 18:00:00,Tamil Nadu,8,5,571
705,2020-04-06 18:00:00,Telengana,34,7,321
706,2020-04-06 18:00:00,Uttarakhand,4,0,26
707,2020-04-06 18:00:00,Uttar Pradesh,21,3,305
708,2020-04-06 18:00:00,West Bengal,10,3,80
709,2020-04-07 18:00:00,Andhra Pradesh,1,3,266
710,2020-04-07 18:00:00,Andaman and Nicobar Islands,0,0,10
711,2020-04-07 18:00:00,Arunachal Pradesh,0,0,1
712,2020-04-07 18:00:00,Assam,0,0,26
713,2020-04-07 18:00:00,Bihar,0,1,32
714,2020-04-07 18:00:00,Chandigarh,7,0,18
715,2020-04-07 18:00:00,Chhattisgarh,9,0,10
716,2020-04-07 18:00:00,Delhi,21,7,576
717,2020-04-07 18:00:00,Goa,0,0,7
718,2020-04-07 18:00:00,Gujarat,25,13,165
719,2020-04-07 18:00:00,Haryana,25,1,90
720,2020-04-07 18:00:00,Himachal Pradesh,2,1,13
721,2020-04-07 18:00:00,Jammu and Kashmir,4,2,116
722,2020-04-07 18:00:00,Jharkhand,0,0,4
723,2020-04-07 18:00:00,Karnataka,25,4,175
724,2020-04-07 18:00:00,Kerala,58,2,327
725,2020-04-07 18:00:00,Ladakh,10,0,14
726,2020-04-07 18:00:00,Madhya Pradesh,0,13,229
727,2020-04-07 18:00:00,Maharashtra,56,48,868
728,2020-04-07 18:00:00,Manipur,0,0,2
729,2020-04-07 18:00:00,Mizoram,0,0,1
730,2020-04-07 18:00:00,Odisha,2,1,42
731,2020-04-07 18:00:00,Puducherry,1,0,5
732,2020-04-07 18:00:00,Punjab,4,7,91
733,2020-04-07 18:00:00,Rajasthan,21,3,288
734,2020-04-07 18:00:00,Tamil Nadu,8,5,621
735,2020-04-07 18:00:00,Telengana,35,7,364
736,2020-04-07 18:00:00,Tripura,0,0,1
737,2020-04-07 18:00:00,Uttarakhand,5,0,31
738,2020-04-07 18:00:00,Uttar Pradesh,21,3,305
739,2020-04-07 18:00:00,West Bengal,13,3,91
740,2020-04-08 17:00:00,Andhra Pradesh,5,4,305
741,2020-04-08 17:00:00,Andaman and Nicobar Islands,0,0,10
742,2020-04-08 17:00:00,Arunachal Pradesh,0,0,1
743,2020-04-08 17:00:00,Assam,0,0,27
744,2020-04-08 17:00:00,Bihar,0,1,38
745,2020-04-08 17:00:00,Chandigarh,7,0,18
746,2020-04-08 17:00:00,Chhattisgarh,9,0,10
747,2020-04-08 17:00:00,Delhi,21,9,576
748,2020-04-08 17:00:00,Goa,0,0,7
749,2020-04-08 17:00:00,Gujarat,25,13,165
750,2020-04-08 17:00:00,Haryana,28,3,147
751,2020-04-08 17:00:00,Himachal Pradesh,2,1,18
752,2020-04-08 17:00:00,Jammu and Kashmir,4,2,116
753,2020-04-08 17:00:00,Jharkhand,0,0,4
754,2020-04-08 17:00:00,Karnataka,25,4,175
755,2020-04-08 17:00:00,Kerala,70,2,336
756,2020-04-08 17:00:00,Ladakh,10,0,14
757,2020-04-08 17:00:00,Madhya Pradesh,0,13,229
758,2020-04-08 17:00:00,Maharashtra,79,64,1018
759,2020-04-08 17:00:00,Manipur,0,0,2
760,2020-04-08 17:00:00,Mizoram,0,0,1
761,2020-04-08 17:00:00,Odisha,2,1,42
762,2020-04-08 17:00:00,Puducherry,1,0,5
763,2020-04-08 17:00:00,Punjab,4,7,91
764,2020-04-08 17:00:00,Rajasthan,21,3,328
765,2020-04-08 17:00:00,Tamil Nadu,19,7,690
766,2020-04-08 17:00:00,Telengana,35,7,427
767,2020-04-08 17:00:00,Tripura,0,0,1
768,2020-04-08 17:00:00,Uttarakhand,5,0,31
769,2020-04-08 17:00:00,Uttar Pradesh,26,3,343
770,2020-04-08 17:00:00,West Bengal,13,5,99
771,2020-04-09 17:00:00,Andhra Pradesh,6,4,348
772,2020-04-09 17:00:00,Andaman and Nicobar Islands,0,0,11
773,2020-04-09 17:00:00,Arunachal Pradesh,0,0,1
774,2020-04-09 17:00:00,Assam,0,0,28
775,2020-04-09 17:00:00,Bihar,0,1,39
776,2020-04-09 17:00:00,Chandigarh,7,0,18
777,2020-04-09 17:00:00,Chhattisgarh,9,0,10
778,2020-04-09 17:00:00,Delhi,21,9,669
779,2020-04-09 17:00:00,Goa,0,0,7
780,2020-04-09 17:00:00,Gujarat,25,16,179
781,2020-04-09 17:00:00,Haryana,29,3,169
782,2020-04-09 17:00:00,Himachal Pradesh,2,1,18
783,2020-04-09 17:00:00,Jammu and Kashmir,4,4,158
784,2020-04-09 17:00:00,Jharkhand,0,0,13
785,2020-04-09 17:00:00,Karnataka,28,5,181
786,2020-04-09 17:00:00,Kerala,83,2,345
787,2020-04-09 17:00:00,Ladakh,10,0,14
788,2020-04-09 17:00:00,Madhya Pradesh,0,16,259
789,2020-04-09 17:00:00,Maharashtra,117,72,1135
790,2020-04-09 17:00:00,Manipur,1,0,2
791,2020-04-09 17:00:00,Mizoram,0,0,1
792,2020-04-09 17:00:00,Odisha,2,1,42
793,2020-04-09 17:00:00,Puducherry,1,0,5
794,2020-04-09 17:00:00,Punjab,4,8,101
795,2020-04-09 17:00:00,Rajasthan,21,3,383
796,2020-04-09 17:00:00,Tamil Nadu,21,8,738
797,2020-04-09 17:00:00,Telengana,35,7,442
798,2020-04-09 17:00:00,Tripura,0,0,1
799,2020-04-09 17:00:00,Uttarakhand,5,0,35
800,2020-04-09 17:00:00,Uttar Pradesh,31,4,410
801,2020-04-09 17:00:00,West Bengal,16,5,103
802,2020-04-10 17:00:00,Andhra Pradesh,7,6,363
803,2020-04-10 17:00:00,Andaman and Nicobar Islands,0,0,11
804,2020-04-10 17:00:00,Arunachal Pradesh,0,0,1
805,2020-04-10 17:00:00,Assam,0,0,29
806,2020-04-10 17:00:00,Bihar,0,1,60
807,2020-04-10 17:00:00,Chandigarh,7,0,18
808,2020-04-10 17:00:00,Chhattisgarh,9,0,10
809,2020-04-10 17:00:00,Delhi,25,13,898
810,2020-04-10 17:00:00,Goa,1,0,7
811,2020-04-10 17:00:00,Gujarat,26,17,241
812,2020-04-10 17:00:00,Haryana,29,3,169
813,2020-04-10 17:00:00,Himachal Pradesh,6,1,28
814,2020-04-10 17:00:00,Jammu and Kashmir,6,4,184
815,2020-04-10 17:00:00,Jharkhand,0,1,13
816,2020-04-10 17:00:00,Karnataka,30,6,197
817,2020-04-10 17:00:00,Kerala,96,2,357
818,2020-04-10 17:00:00,Ladakh,10,0,15
819,2020-04-10 17:00:00,Madhya Pradesh,0,16,259
820,2020-04-10 17:00:00,Maharashtra,125,97,1364
821,2020-04-10 17:00:00,Manipur,1,0,2
822,2020-04-10 17:00:00,Mizoram,0,0,1
823,2020-04-10 17:00:00,Odisha,2,1,44
824,2020-04-10 17:00:00,Puducherry,1,0,5
825,2020-04-10 17:00:00,Punjab,5,11,132
826,2020-04-10 17:00:00,Rajasthan,21,3,463
827,2020-04-10 17:00:00,Tamil Nadu,21,8,834
828,2020-04-10 17:00:00,Telengana,35,7,473
829,2020-04-10 17:00:00,Tripura,0,0,1
830,2020-04-10 17:00:00,Uttarakhand,5,0,35
831,2020-04-10 17:00:00,Uttar Pradesh,32,4,431
832,2020-04-10 17:00:00,West Bengal,16,5,116
833,2020-04-11 17:00:00,Andhra Pradesh,11,6,381
834,2020-04-11 17:00:00,Andaman and Nicobar Islands,0,0,11
835,2020-04-11 17:00:00,Arunachal Pradesh,0,0,1
836,2020-04-11 17:00:00,Assam,0,1,29
837,2020-04-11 17:00:00,Bihar,0,1,60
838,2020-04-11 17:00:00,Chandigarh,7,0,18
839,2020-04-11 17:00:00,Chhattisgarh,9,0,18
840,2020-04-11 17:00:00,Delhi,25,14,903
841,2020-04-11 17:00:00,Goa,1,0,7
842,2020-04-11 17:00:00,Gujarat,31,19,308
843,2020-04-11 17:00:00,Haryana,29,3,177
844,2020-04-11 17:00:00,Himachal Pradesh,6,1,28
845,2020-04-11 17:00:00,Jammu and Kashmir,6,4,207
846,2020-04-11 17:00:00,Jharkhand,0,1,17
847,2020-04-11 17:00:00,Karnataka,37,6,214
848,2020-04-11 17:00:00,Kerala,123,2,364
849,2020-04-11 17:00:00,Ladakh,10,0,15
850,2020-04-11 17:00:00,Madhya Pradesh,0,33,443
851,2020-04-11 17:00:00,Maharashtra,188,110,1574
852,2020-04-11 17:00:00,Manipur,1,0,2
853,2020-04-11 17:00:00,Mizoram,0,0,1
854,2020-04-11 17:00:00,Odisha,2,1,48
855,2020-04-11 17:00:00,Puducherry,1,0,7
856,2020-04-11 17:00:00,Punjab,5,11,132
857,2020-04-11 17:00:00,Rajasthan,21,3,553
858,2020-04-11 17:00:00,Tamil Nadu,44,8,911
859,2020-04-11 17:00:00,Telengana,43,9,504
860,2020-04-11 17:00:00,Tripura,0,0,2
861,2020-04-11 17:00:00,Uttarakhand,5,0,35
862,2020-04-11 17:00:00,Uttar Pradesh,32,4,433
863,2020-04-11 17:00:00,West Bengal,16,5,126
864,2020-04-12 17:00:00,Andhra Pradesh,11,6,381
865,2020-04-12 17:00:00,Andaman and Nicobar Islands,10,0,11
866,2020-04-12 17:00:00,Arunachal Pradesh,0,0,1
867,2020-04-12 17:00:00,Assam,0,1,29
868,2020-04-12 17:00:00,Bihar,19,1,64
869,2020-04-12 17:00:00,Chandigarh,7,0,19
870,2020-04-12 17:00:00,Chhattisgarh,10,0,25
871,2020-04-12 17:00:00,Delhi,25,19,1069
872,2020-04-12 17:00:00,Goa,5,0,7
873,2020-04-12 17:00:00,Gujarat,44,22,432
874,2020-04-12 17:00:00,Haryana,29,3,185
875,2020-04-12 17:00:00,Himachal Pradesh,6,1,32
876,2020-04-12 17:00:00,Jammu and Kashmir,6,4,224
877,2020-04-12 17:00:00,Jharkhand,0,1,17
878,2020-04-12 17:00:00,Karnataka,37,6,226
879,2020-04-12 17:00:00,Kerala,142,2,374
880,2020-04-12 17:00:00,Ladakh,10,0,15
881,2020-04-12 17:00:00,Madhya Pradesh,0,36,564
882,2020-04-12 17:00:00,Maharashtra,208,127,1761
883,2020-04-12 17:00:00,Manipur,1,0,2
884,2020-04-12 17:00:00,Mizoram,0,0,1
885,2020-04-12 17:00:00,Odisha,12,1,54
886,2020-04-12 17:00:00,Puducherry,1,0,7
887,2020-04-12 17:00:00,Punjab,5,11,151
888,2020-04-12 17:00:00,Rajasthan,21,3,700
889,2020-04-12 17:00:00,Tamil Nadu,44,10,969
890,2020-04-12 17:00:00,Telengana,43,9,504
891,2020-04-12 17:00:00,Tripura,0,0,2
892,2020-04-12 17:00:00,Uttarakhand,5,0,35
893,2020-04-12 17:00:00,Uttar Pradesh,45,5,452
894,2020-04-12 17:00:00,West Bengal,19,5,134
895,2020-04-13 17:00:00,Andhra Pradesh,11,7,432
896,2020-04-13 17:00:00,Andaman and Nicobar Islands,10,0,11
897,2020-04-13 17:00:00,Arunachal Pradesh,0,0,1
898,2020-04-13 17:00:00,Assam,0,1,31
899,2020-04-13 17:00:00,Bihar,26,1,64
900,2020-04-13 17:00:00,Chandigarh,7,0,21
901,2020-04-13 17:00:00,Chhattisgarh,10,0,31
902,2020-04-13 17:00:00,Delhi,27,24,1154
903,2020-04-13 17:00:00,Goa,5,0,7
904,2020-04-13 17:00:00,Gujarat,47,26,539
905,2020-04-13 17:00:00,Haryana,29,3,185
906,2020-04-13 17:00:00,Himachal Pradesh,13,1,32
907,2020-04-13 17:00:00,Jammu and Kashmir,6,4,245
908,2020-04-13 17:00:00,Jharkhand,0,2,19
909,2020-04-13 17:00:00,Karnataka,59,6,247
910,2020-04-13 17:00:00,Kerala,179,3,376
911,2020-04-13 17:00:00,Ladakh,10,0,15
912,2020-04-13 17:00:00,Madhya Pradesh,44,43,604
913,2020-04-13 17:00:00,Maharashtra,217,149,1985
914,2020-04-13 17:00:00,Manipur,1,0,2
915,2020-04-13 17:00:00,Mizoram,0,0,1
916,2020-04-13 17:00:00,Nagaland,0,0,1
917,2020-04-13 17:00:00,Odisha,12,1,54
918,2020-04-13 17:00:00,Puducherry,1,0,7
919,2020-04-13 17:00:00,Punjab,14,11,167
920,2020-04-13 17:00:00,Rajasthan,21,3,812
921,2020-04-13 17:00:00,Tamil Nadu,50,11,1075
922,2020-04-13 17:00:00,Telengana,100,16,562
923,2020-04-13 17:00:00,Tripura,0,0,2
924,2020-04-13 17:00:00,Uttarakhand,5,0,35
925,2020-04-13 17:00:00,Uttar Pradesh,47,5,483
926,2020-04-13 17:00:00,West Bengal,29,7,152
927,2020-04-14 17:00:00,Andhra Pradesh,14,9,473
928,2020-04-14 17:00:00,Andaman and Nicobar Islands,10,0,11
929,2020-04-14 17:00:00,Arunachal Pradesh,0,0,1
930,2020-04-14 17:00:00,Assam,0,1,31
931,2020-04-14 17:00:00,Bihar,26,1,66
932,2020-04-14 17:00:00,Chandigarh,7,0,21
933,2020-04-14 17:00:00,Chhattisgarh,10,0,31
934,2020-04-14 17:00:00,Delhi,30,28,1510
935,2020-04-14 17:00:00,Goa,5,0,7
936,2020-04-14 17:00:00,Gujarat,55,26,617
937,2020-04-14 17:00:00,Haryana,34,3,199
938,2020-04-14 17:00:00,Himachal Pradesh,13,1,32
939,2020-04-14 17:00:00,Jammu and Kashmir,16,4,270
940,2020-04-14 17:00:00,Jharkhand,0,2,24
941,2020-04-14 17:00:00,Karnataka,65,9,258
942,2020-04-14 17:00:00,Kerala,198,3,379
943,2020-04-14 17:00:00,Ladakh,10,0,15
944,2020-04-14 17:00:00,Madhya Pradesh,51,50,730
945,2020-04-14 17:00:00,Maharashtra,229,160,2337
946,2020-04-14 17:00:00,Manipur,1,0,2
947,2020-04-14 17:00:00,Meghalaya,0,0,1
948,2020-04-14 17:00:00,Mizoram,0,0,1
949,2020-04-14 17:00:00,Nagaland,0,0,1
950,2020-04-14 17:00:00,Odisha,18,1,55
951,2020-04-14 17:00:00,Puducherry,1,0,7
952,2020-04-14 17:00:00,Punjab,14,12,176
953,2020-04-14 17:00:00,Rajasthan,133,3,879
954,2020-04-14 17:00:00,Tamil Nadu,58,11,1173
955,2020-04-14 17:00:00,Telengana,100,17,624
956,2020-04-14 17:00:00,Tripura,0,0,2
957,2020-04-14 17:00:00,Uttarakhand,7,0,35
958,2020-04-14 17:00:00,Uttar Pradesh,49,5,657
959,2020-04-14 17:00:00,West Bengal,36,7,190
960,2020-04-15 17:00:00,Andaman and Nicobar Islands,10,0,11
961,2020-04-15 17:00:00,Andhra Pradesh,16,9,503
962,2020-04-15 17:00:00,Arunachal Pradesh,0,0,1
963,2020-04-15 17:00:00,Assam,0,1,33
964,2020-04-15 17:00:00,Bihar,29,1,70
965,2020-04-15 17:00:00,Chandigarh,7,0,21
966,2020-04-15 17:00:00,Chhattisgarh,13,0,33
967,2020-04-15 17:00:00,Delhi,30,30,1561
968,2020-04-15 17:00:00,Goa,5,0,7
969,2020-04-15 17:00:00,Gujarat,59,30,695
970,2020-04-15 17:00:00,Haryana,34,3,199
971,2020-04-15 17:00:00,Himachal Pradesh,13,1,33
972,2020-04-15 17:00:00,Jammu and Kashmir,30,4,278
973,2020-04-15 17:00:00,Jharkhand,0,2,27
974,2020-04-15 17:00:00,Karnataka,75,11,277
975,2020-04-15 17:00:00,Kerala,211,3,387
976,2020-04-15 17:00:00,Ladakh,10,0,17
977,2020-04-15 17:00:00,Madhya Pradesh,64,53,987
978,2020-04-15 17:00:00,Maharashtra,259,178,2687
979,2020-04-15 17:00:00,Manipur,1,0,2
980,2020-04-15 17:00:00,Meghalaya,0,1,7
981,2020-04-15 17:00:00,Mizoram,0,0,1
982,2020-04-15 17:00:00,Nagaland#,0,0,0
983,2020-04-15 17:00:00,Odisha,18,1,60
984,2020-04-15 17:00:00,Puducherry,1,0,7
985,2020-04-15 17:00:00,Punjab,14,13,186
986,2020-04-15 17:00:00,Rajasthan,147,3,1005
987,2020-04-15 17:00:00,Tamil Nadu,81,12,1204
988,2020-04-15 17:00:00,Telengana,120,18,647
989,2020-04-15 17:00:00,Tripura,0,0,2
990,2020-04-15 17:00:00,Uttarakhand,9,0,37
991,2020-04-15 17:00:00,Uttar Pradesh,51,11,735
992,2020-04-15 17:00:00,West Bengal,37,7,213
993,2020-04-16 17:00:00,Andaman and Nicobar Islands,10,0,11
994,2020-04-16 17:00:00,Andhra Pradesh,20,14,534
995,2020-04-16 17:00:00,Arunachal Pradesh,0,0,1
996,2020-04-16 17:00:00,Assam,5,1,33
997,2020-04-16 17:00:00,Bihar,29,1,74
998,2020-04-16 17:00:00,Chandigarh,7,0,21
999,2020-04-16 17:00:00,Chhattisgarh,17,0,33
1000,2020-04-16 17:00:00,Delhi,42,32,1578
1001,2020-04-16 17:00:00,Goa,5,0,7
1002,2020-04-16 17:00:00,Gujarat,64,36,871
1003,2020-04-16 17:00:00,Haryana,43,3,205
1004,2020-04-16 17:00:00,Himachal Pradesh,16,1,35
1005,2020-04-16 17:00:00,Jammu and Kashmir,36,4,300
1006,2020-04-16 17:00:00,Jharkhand,0,2,28
1007,2020-04-16 17:00:00,Karnataka,82,13,315
1008,2020-04-16 17:00:00,Kerala,218,3,388
1009,2020-04-16 17:00:00,Ladakh,10,0,17
1010,2020-04-16 17:00:00,Madhya Pradesh,64,53,1120
1011,2020-04-16 17:00:00,Maharashtra,295,187,2919
1012,2020-04-16 17:00:00,Manipur,1,0,2
1013,2020-04-16 17:00:00,Meghalaya,0,1,7
1014,2020-04-16 17:00:00,Mizoram,0,0,1
1015,2020-04-16 17:00:00,Nagaland#,0,0,0
1016,2020-04-16 17:00:00,Odisha,18,1,60
1017,2020-04-16 17:00:00,Puducherry,1,0,7
1018,2020-04-16 17:00:00,Punjab,27,13,186
1019,2020-04-16 17:00:00,Rajasthan,147,3,1023
1020,2020-04-16 17:00:00,Tamil Nadu,118,14,1242
1021,2020-04-16 17:00:00,Telengana,120,18,698
1022,2020-04-16 17:00:00,Tripura,1,0,2
1023,2020-04-16 17:00:00,Uttarakhand,9,0,37
1024,2020-04-16 17:00:00,Uttar Pradesh,68,13,773
1025,2020-04-16 17:00:00,West Bengal,42,7,231
1026,2020-04-17 17:00:00,Andaman and Nicobar Islands,10,0,11
1027,2020-04-17 17:00:00,Andhra Pradesh,36,14,572
1028,2020-04-17 17:00:00,Arunachal Pradesh,0,0,1
1029,2020-04-17 17:00:00,Assam,5,1,35
1030,2020-04-17 17:00:00,Bihar,37,1,83
1031,2020-04-17 17:00:00,Chandigarh,9,0,21
1032,2020-04-17 17:00:00,Chhattisgarh,23,0,36
1033,2020-04-17 17:00:00,Delhi,51,38,1640
1034,2020-04-17 17:00:00,Goa,6,0,7
1035,2020-04-17 17:00:00,Gujarat,74,38,1021
1036,2020-04-17 17:00:00,Haryana,43,3,205
1037,2020-04-17 17:00:00,Himachal Pradesh,16,1,35
1038,2020-04-17 17:00:00,Jammu and Kashmir,38,4,314
1039,2020-04-17 17:00:00,Jharkhand,0,2,29
1040,2020-04-17 17:00:00,Karnataka,82,13,353
1041,2020-04-17 17:00:00,Kerala,245,3,395
1042,2020-04-17 17:00:00,Ladakh,14,0,18
1043,2020-04-17 17:00:00,Madhya Pradesh,65,57,1308
1044,2020-04-17 17:00:00,Maharashtra,300,194,3205
1045,2020-04-17 17:00:00,Manipur,1,0,2
1046,2020-04-17 17:00:00,Meghalaya,0,1,9
1047,2020-04-17 17:00:00,Mizoram,0,0,1
1048,2020-04-17 17:00:00,Nagaland#,0,0,0
1049,2020-04-17 17:00:00,Odisha,19,1,60
1050,2020-04-17 17:00:00,Puducherry,1,0,7
1051,2020-04-17 17:00:00,Punjab,27,13,186
1052,2020-04-17 17:00:00,Rajasthan,164,11,1131
1053,2020-04-17 17:00:00,Tamil Nadu,180,15,1267
1054,2020-04-17 17:00:00,Telengana,186,18,743
1055,2020-04-17 17:00:00,Tripura,1,0,2
1056,2020-04-17 17:00:00,Uttarakhand,9,0,37
1057,2020-04-17 17:00:00,Uttar Pradesh,74,14,846
1058,2020-04-17 17:00:00,West Bengal,51,10,255
1059,2020-04-18 17:00:00,Andaman and Nicobar Islands,11,0,12
1060,2020-04-18 17:00:00,Andhra Pradesh,42,15,603
1061,2020-04-18 17:00:00,Arunachal Pradesh,0,0,1
1062,2020-04-18 17:00:00,Assam,9,1,35
1063,2020-04-18 17:00:00,Bihar,37,2,85
1064,2020-04-18 17:00:00,Chandigarh,9,0,21
1065,2020-04-18 17:00:00,Chhattisgarh,24,0,36
1066,2020-04-18 17:00:00,Delhi,72,42,1707
1067,2020-04-18 17:00:00,Goa,6,0,7
1068,2020-04-18 17:00:00,Gujarat,88,48,1272
1069,2020-04-18 17:00:00,Haryana,43,3,225
1070,2020-04-18 17:00:00,Himachal Pradesh,16,1,38
1071,2020-04-18 17:00:00,Jammu and Kashmir,42,5,328
1072,2020-04-18 17:00:00,Jharkhand,0,2,33
1073,2020-04-18 17:00:00,Karnataka,92,13,371
1074,2020-04-18 17:00:00,Kerala,255,3,396
1075,2020-04-18 17:00:00,Ladakh,14,0,18
1076,2020-04-18 17:00:00,Madhya Pradesh,69,69,1355
1077,2020-04-18 17:00:00,Maharashtra,331,201,3323
1078,2020-04-18 17:00:00,Manipur,1,0,2
1079,2020-04-18 17:00:00,Meghalaya,0,1,11
1080,2020-04-18 17:00:00,Mizoram,0,0,1
1081,2020-04-18 17:00:00,Nagaland#,0,0,0
1082,2020-04-18 17:00:00,Odisha,21,1,60
1083,2020-04-18 17:00:00,Puducherry,3,0,7
1084,2020-04-18 17:00:00,Punjab,27,13,202
1085,2020-04-18 17:00:00,Rajasthan,183,11,1229
1086,2020-04-18 17:00:00,Tamil Nadu,283,15,1323
1087,2020-04-18 17:00:00,Telengana,186,18,791
1088,2020-04-18 17:00:00,Tripura,1,0,2
1089,2020-04-18 17:00:00,Uttarakhand,9,0,42
1090,2020-04-18 17:00:00,Uttar Pradesh,86,14,969
1091,2020-04-18 17:00:00,West Bengal,55,10,287
1092,2020-04-19 17:00:00,Andaman and Nicobar Islands,11,0,14
1093,2020-04-19 17:00:00,Andhra Pradesh,42,15,603
1094,2020-04-19 17:00:00,Arunachal Pradesh,0,0,1
1095,2020-04-19 17:00:00,Assam,12,1,35
1096,2020-04-19 17:00:00,Bihar,37,2,86
1097,2020-04-19 17:00:00,Chandigarh,10,0,23
1098,2020-04-19 17:00:00,Chhattisgarh,24,0,36
1099,2020-04-19 17:00:00,Delhi,72,43,1893
1100,2020-04-19 17:00:00,Goa,6,0,7
1101,2020-04-19 17:00:00,Gujarat,94,58,1604
1102,2020-04-19 17:00:00,Haryana,87,3,233
1103,2020-04-19 17:00:00,Himachal Pradesh,16,1,39
1104,2020-04-19 17:00:00,Jammu and Kashmir,51,5,341
1105,2020-04-19 17:00:00,Jharkhand,0,2,35
1106,2020-04-19 17:00:00,Karnataka,104,14,384
1107,2020-04-19 17:00:00,Kerala,257,3,400
1108,2020-04-19 17:00:00,Ladakh,14,0,18
1109,2020-04-19 17:00:00,Madhya Pradesh,127,70,1407
1110,2020-04-19 17:00:00,Maharashtra,365,211,3651
1111,2020-04-19 17:00:00,Manipur,1,0,2
1112,2020-04-19 17:00:00,Meghalaya,0,1,11
1113,2020-04-19 17:00:00,Mizoram,0,0,1
1114,2020-04-19 17:00:00,Nagaland#,0,0,0
1115,2020-04-19 17:00:00,Odisha,24,1,61
1116,2020-04-19 17:00:00,Puducherry,3,0,7
1117,2020-04-19 17:00:00,Punjab,31,16,219
1118,2020-04-19 17:00:00,Rajasthan,183,11,1351
1119,2020-04-19 17:00:00,Tamil Nadu,365,15,1372
1120,2020-04-19 17:00:00,Telengana,186,18,844
1121,2020-04-19 17:00:00,Tripura,1,0,2
1122,2020-04-19 17:00:00,Uttarakhand,9,0,42
1123,2020-04-19 17:00:00,Uttar Pradesh,108,17,1084
1124,2020-04-19 17:00:00,West Bengal,62,12,310
1125,2020-04-20 17:00:00,Andaman and Nicobar Islands,11,0,15
1126,2020-04-20 17:00:00,Andhra Pradesh,92,20,722
1127,2020-04-20 17:00:00,Arunachal Pradesh,0,0,1
1128,2020-04-20 17:00:00,Assam,17,1,35
1129,2020-04-20 17:00:00,Bihar,42,2,96
1130,2020-04-20 17:00:00,Chandigarh,13,0,26
1131,2020-04-20 17:00:00,Chhattisgarh,25,0,36
1132,2020-04-20 17:00:00,Delhi,290,45,2003
1133,2020-04-20 17:00:00,Goa,7,0,7
1134,2020-04-20 17:00:00,Gujarat,106,67,1851
1135,2020-04-20 17:00:00,Haryana,87,3,233
1136,2020-04-20 17:00:00,Himachal Pradesh,16,1,39
1137,2020-04-20 17:00:00,Jammu and Kashmir,56,5,350
1138,2020-04-20 17:00:00,Jharkhand,0,2,42
1139,2020-04-20 17:00:00,Karnataka,111,16,395
1140,2020-04-20 17:00:00,Kerala,270,3,402
1141,2020-04-20 17:00:00,Ladakh,14,0,18
1142,2020-04-20 17:00:00,Madhya Pradesh,127,74,1485
1143,2020-04-20 17:00:00,Maharashtra,507,223,4203
1144,2020-04-20 17:00:00,Manipur,2,0,2
1145,2020-04-20 17:00:00,Meghalaya,0,1,11
1146,2020-04-20 17:00:00,Mizoram,0,0,1
1147,2020-04-20 17:00:00,Nagaland,0,0,0
1148,2020-04-20 17:00:00,Odisha,24,1,68
1149,2020-04-20 17:00:00,Puducherry,3,0,7
1150,2020-04-20 17:00:00,Punjab,31,16,219
1151,2020-04-20 17:00:00,Rajasthan,183,14,1478
1152,2020-04-20 17:00:00,Tamil Nadu,411,15,1477
1153,2020-04-20 17:00:00,Telengana,190,21,873
1154,2020-04-20 17:00:00,Tripura,1,0,2
1155,2020-04-20 17:00:00,Uttarakhand,11,0,44
1156,2020-04-20 17:00:00,Uttar Pradesh,129,17,1176
1157,2020-04-20 17:00:00,West Bengal,66,12,339
1158,2020-04-21 17:00:00,Andaman and Nicobar Islands,11,0,16
1159,2020-04-21 17:00:00,Andhra Pradesh,96,22,757
1160,2020-04-21 17:00:00,Arunachal Pradesh,1,0,1
1161,2020-04-21 17:00:00,Assam,19,1,35
1162,2020-04-21 17:00:00,Bihar,42,2,114
1163,2020-04-21 17:00:00,Chandigarh,13,0,26
1164,2020-04-21 17:00:00,Chhattisgarh,25,0,36
1165,2020-04-21 17:00:00,Delhi,431,47,2081
1166,2020-04-21 17:00:00,Goa,7,0,7
1167,2020-04-21 17:00:00,Gujarat,131,77,2066
1168,2020-04-21 17:00:00,Haryana,127,3,254
1169,2020-04-21 17:00:00,Himachal Pradesh,16,1,39
1170,2020-04-21 17:00:00,Jammu and Kashmir,71,5,368
1171,2020-04-21 17:00:00,Jharkhand,0,2,46
1172,2020-04-21 17:00:00,Karnataka,114,17,415
1173,2020-04-21 17:00:00,Kerala,291,3,408
1174,2020-04-21 17:00:00,Ladakh,14,0,18
1175,2020-04-21 17:00:00,Madhya Pradesh,127,76,1540
1176,2020-04-21 17:00:00,Maharashtra,572,232,4669
1177,2020-04-21 17:00:00,Manipur,2,0,2
1178,2020-04-21 17:00:00,Meghalaya,0,1,11
1179,2020-04-21 17:00:00,Mizoram,0,0,1
1180,2020-04-21 17:00:00,Nagaland,0,0,0
1181,2020-04-21 17:00:00,Odisha,24,1,74
1182,2020-04-21 17:00:00,Puducherry,3,0,7
1183,2020-04-21 17:00:00,Punjab,39,16,245
1184,2020-04-21 17:00:00,Rajasthan,205,25,1576
1185,2020-04-21 17:00:00,Tamil Nadu,457,17,1520
1186,2020-04-21 17:00:00,Telengana,190,23,919
1187,2020-04-21 17:00:00,Tripura,1,0,2
1188,2020-04-21 17:00:00,Uttarakhand,18,0,46
1189,2020-04-21 17:00:00,Uttar Pradesh,140,20,1294
1190,2020-04-21 17:00:00,West Bengal,73,12,392
